Predictions,Actual
112.75134794066877,107.7
47.18663956320147,43.6
50.95667707847445,47.1
60.75506667539526,61.3
51.28674190195348,49.7
89.11418316782179,83.4
177.74662520407648,170.0
151.20227254271785,142.5
165.0165200225704,172.2
158.64226534231324,152.0
222.0282380181833,113.5
129.46451879912826,182.8
49.14549844734506,47.4
47.80602800599387,54.3
329.19578069247274,309.9
133.50601324110437,120.0
71.09616415300202,87.0
48.465674141799084,45.0
80.17899713689226,93.4
144.9138807464704,145.0
165.10175371625598,169.2
78.0655158943594,68.2
609.5449384313517,631.0
128.84660451563525,120.0
250.2728492045753,253.9
232.6782562528793,247.1
198.5076192912668,203.1
48.09240008885604,47.4
45.57225752238915,43.6
59.80687379276926,61.0
67.94669209095635,65.5
210.33131610141572,201.6
47.42212053919667,50.0
47.840599867533996,40.0
81.0612193633554,79.0
51.43919821638147,47.0
51.80458024082977,52.5
47.431010318631316,43.6
46.913611073509344,43.6
162.9158112435154,167.0
46.77296587596333,44.0
47.63112816008984,43.6
72.87697687501176,65.0
89.56371599532324,81.0
402.06873509003077,371.0
69.035682983367,63.5
70.23241817117541,65.5
71.65717822526227,69.5
169.27577875961302,114.3
50.22074027211801,43.6
555.8420219714227,538.1
82.636704685118,85.0
145.05901553800052,138.0
134.04884540817957,191.8
141.29394944743376,148.2
97.55736330551095,97.0
47.25715881465677,43.6
74.85807440042062,69.0
49.02637216297794,40.7
100.4394110471948,91.5
68.83077455808099,71.6
47.06622384816681,43.7
57.65410776468038,55.6
47.6171456761401,40.0
202.9151545879303,201.7
50.653641498641264,43.0
141.64122840685005,158.7
49.68899278500067,40.0
163.09588447911747,157.4
201.92031222749046,198.6
321.267118364271,287.7
335.7671964810132,310.8
192.6577648269068,191.8
110.2005955760015,110.35
88.89698409513026,88.0
52.48581716253478,49.5
47.63112816008984,43.6
226.0575746538697,228.6
59.827674072543395,59.3
73.58364323133425,68.0
164.5203524608835,168.9
50.36635322167229,45.0
67.98275298964916,61.3
118.69716031314357,131.0
48.15285356375961,47.4
75.63238356724435,60.0
53.77084900464261,49.0
72.24577367066846,63.6
46.37652360547222,43.6
145.5647677752723,161.1
287.20912403463245,285.2
202.7386233266624,190.4
46.895435567274255,47.4
224.44869991442962,312.0
89.23074396790732,94.6
212.5049578112848,248.3
165.25064376859336,160.0
67.70611273593104,62.9
59.827674072543395,52.5
199.44650178886815,214.5
112.20426821333744,118.0
47.0515715082054,43.6
68.75045436169621,70.0
47.17010875382718,47.4
93.57867019254886,94.0
182.63994853954492,171.0
237.84379845862404,245.7
164.71053560541088,156.5
259.43785206124636,278.0
59.84080224759321,54.5
390.3076758633713,355.9
64.26833781810657,57.0
542.4755262416411,528.3
126.823856206341,181.1
106.93108822310573,103.1
48.93728781848377,47.4
48.12547639184689,61.0
526.6558877296421,491.2
228.48777465488655,227.8
242.99377206710423,233.6
97.55736330551095,92.0
137.4526827486949,222.0
67.80540602237431,60.1
48.12547639184689,40.0
68.39870290570683,62.8
108.61183179573585,108.1
289.6029147262585,288.0
345.51798377104825,342.4
181.611967228332,177.0
106.15281049332258,96.2
227.7332469462205,219.8
120.36176484446861,122.2
87.86229032114025,91.2
58.12622174411265,49.5
197.61628218720628,188.2
93.42850306800672,87.0
129.89473634746327,127.4
125.22230758081585,112.4
47.510395581264994,47.4
49.52006368556392,41.5
114.1469949705408,68.5
54.69308611064521,48.0
50.628592345026,47.4
51.05547109331513,44.75
129.13603712826242,136.7
52.32901256141992,48.0
114.04664089308511,102.9
64.90049139783153,60.0
109.52421114784846,102.5
272.171241259197,272.1
80.10566139647268,77.8
49.08193533836178,45.0
251.12623161148036,240.0
167.40006309790672,161.6
171.56632604498608,185.4
124.58067366609781,116.6
223.65159019939867,228.0
76.42913571225043,73.5
58.663888690758256,52.8
135.7589212362001,133.0
143.94015200221838,150.0
68.83077455808099,70.0
55.96570745838305,76.2
45.65998273572401,49.6
118.78163835882465,106.1
47.529310279863914,43.6
55.30639926117043,47.0
88.56095882524646,84.4
104.95917574941173,101.0
46.799179140597246,49.5
97.64474104424731,91.7
135.35992385563569,119.0
148.4447461852583,142.0
215.30019427953167,195.3
146.59308564607738,188.1
120.3940240762641,112.1
53.793946763823776,44.0
92.03034829818579,115.0
162.2972840017509,224.9
59.623602670989605,47.8
43.31055505355399,45.0
109.46609853523586,121.4
109.26530510276734,104.0
50.29050776888361,59.3
49.02637216297794,42.1
71.53426110610201,71.0
59.77657212449145,54.4
298.68007677238046,281.0
45.477801596637185,46.0
245.4859579767922,235.5
50.574802131218284,50.0
58.7340234278666,64.9
66.27833520245423,56.1
79.36325282647184,128.7
46.77899514273379,43.6
170.41945521829038,159.7
201.92031222749046,192.7
49.24396201230033,44.0
112.83116262115486,114.3
145.13014153496692,138.8
184.6542043888752,178.1
50.89413861693599,48.0
143.94015200221838,137.8
47.50769577343473,40.0
47.13740074174139,50.0
266.32952104824784,274.8
427.8294997326692,413.0
297.0584708092437,314.7
47.22579611164026,47.4
53.79628982151039,42.0
47.97102399417223,47.4
65.16189866291926,58.6
71.05525669980452,69.1
206.12869545115387,195.0
59.737258399001256,65.0
68.94320851174349,61.0
424.67087240276976,400.7
134.8753665854933,196.4
77.89645623904325,81.3
47.54265921205572,44.0
48.26322899792311,46.0
100.34464889819384,93.3
182.69110305471463,171.2
60.35599621264949,100.1
120.86091041479509,124.5
49.68899278500067,45.0
53.516756409916646,46.9
47.30849417347222,44.0
47.81141681524401,40.0
144.70145039205465,141.5
139.47825122296013,148.1
92.25287105147657,106.0
192.67682073311568,181.5
232.30656953083772,223.1
119.87869433922334,124.3
100.21178300774527,80.0
82.5845794193893,72.1
42.96694564820238,43.6
68.35632471801179,61.4
50.35056886025117,46.0
230.60885432151315,222.3
50.3232434506522,45.0
133.27885426367328,125.0
89.86228100475553,85.0
88.84904104695786,85.1
370.6729461711095,372.3
77.48227805035206,74.0
47.362627040655546,40.0
56.557031983159504,51.1
352.7343281937139,354.2
74.83290800051591,73.0
47.41892995922886,44.0
70.71674415556758,67.0
50.75089521944581,56.1
101.13964679913057,94.7
63.356036436435225,62.1
296.7895789118902,303.9
46.643849585048194,43.6
63.604819551985905,56.4
109.95799305911805,100.7
334.7687188974604,291.0
144.09232401457157,142.0
181.00158407011452,176.9
54.23360716735222,44.2
296.3272682049988,303.5
103.92263476851377,113.3
67.98275298964916,61.3
47.48665190316644,45.0
53.833023987992604,54.0
389.4075066184478,455.6
148.1935727847764,147.0
58.77366616012308,51.7
163.77563101786012,160.0
157.42623035581096,150.9
53.11328407488631,50.0
50.41634188572383,46.25
70.48252723986054,71.0
46.156111157283696,40.3
69.86136134756413,69.0
79.52238062900858,77.8
329.40207925136997,314.4
522.8823743006959,554.6
167.40006309790672,168.1
180.4854458101968,181.0
115.4001415118341,111.0
60.424703731352494,60.7
47.949459139099766,43.6
52.737129563530246,53.6
126.78754993284169,104.8
78.22621440984359,65.0
556.0619306798927,563.0
259.0725871416946,280.1
74.21741624403516,69.0
165.67651636661387,156.5
104.37492144027327,101.0
432.08449128250106,435.0
140.88944173923895,137.0
177.08685310963006,176.4
78.70076703821768,77.2
149.65313248605634,160.7
88.89698409513026,80.0
51.452344498480926,55.9
48.37890429255195,48.0
62.38725088155985,56.1
671.4024200577198,676.5
168.2398322523703,195.0
335.26021681516147,304.7
479.6046279376797,473.0
99.28955849112641,96.0
79.19974666809135,81.0
76.53955663650652,61.0
47.0515715082054,47.4
70.21506447279226,65.0
78.306537964725,74.8
125.68668760639048,111.2
70.74919717764074,58.0
57.3377221193057,48.7
57.96094141951378,50.1
144.15375630137342,138.6
201.6282950176198,192.9
382.38609430350596,359.4
48.56925626111599,55.0
227.00848920662088,238.6
51.16233285109543,40.7
141.50738257500163,135.7
647.5535790879173,663.2
165.5966431268324,156.4
47.97745126020023,48.0
128.58160090781485,108.5
114.1469949705408,112.9
358.6163132844126,342.9
42.978345648202385,43.6
229.27303232012812,226.9
51.05547109331513,44.8
232.67534357764046,241.5
73.69821136591725,76.5
90.73216566937663,142.3
45.477801596637185,44.9
51.059000926831324,50.0
267.6203082815811,262.8
248.38756006796203,249.2
129.50814053473607,115.4
430.25741509202487,439.2
195.0766484395546,200.6
48.90911881082795,43.6
48.16297358759837,50.0
44.26407904284972,45.0
54.613855685901875,49.5
46.89164786423413,47.4
51.8022415176749,47.5
170.58987324152352,154.0
46.280784229714214,40.0
114.99153104897734,104.9
148.4361207559654,140.9
78.46701165724663,75.8
48.90617112232527,47.1
44.25201657572873,40.0
58.51880431732576,49.5
203.0200803314605,187.2
47.25993288314963,43.6
169.3268900416643,152.4
138.73529970815508,132.0
249.32655073003775,249.4
91.7674447770057,83.0
49.18959476219522,42.7
313.30605060697815,361.3
53.77084900464261,48.0
46.740836751830145,43.6
153.14090939691786,149.0
143.92802543280993,151.0
53.88643344631556,48.0
62.6676494421866,58.8
53.19906398555211,50.9
379.9670379885158,371.0
252.372735688091,232.8
143.20347845600196,118.6
76.0074901023537,82.9
472.6727956161158,474.0
80.15794955037354,76.0
90.06587357017985,91.3
143.49025863486546,135.4
46.55372967171788,43.6
321.267118364271,288.0
358.5845128910528,317.7
146.79259556930177,141.6
165.71071178627528,164.7
98.88911870817692,98.0
123.26091826812244,125.7
204.75525347732423,201.9
166.69054195021025,173.5
63.8621316016783,56.6
134.11210363776016,128.8
87.50616924058816,89.8
43.23988005355399,45.0
90.14265124940208,96.0
59.48818856329991,62.8
146.5443585812604,138.0
518.117514928434,467.6
234.40180186657346,212.8
80.01069610024182,80.7
84.03484888039519,77.0
126.439685789169,127.3
386.92979198956454,392.4
50.903901848171536,50.0
62.777561505674036,57.0
95.37127325918624,91.0
49.52349122232227,44.0
81.09030075414991,80.5
103.34928145864855,100.9
47.866399608504146,54.1
119.38045123146082,112.7
91.93928567558011,89.7
426.96401741189635,391.0
47.431010318631316,53.7
46.729007699553215,49.5
112.1468184734261,107.0
49.14549844734506,46.7
105.09630799038626,100.4
198.5076192912668,186.5
161.8807235341151,166.0
70.61066359990245,94.0
47.0114305179538,44.0
72.87697687501176,66.0
106.88571341755174,105.0
160.28016250562695,156.4
160.44370078870523,153.2
260.644622096028,245.9
47.430792512004736,48.0
131.75949302737644,123.0
88.97892528106027,86.0
340.28621344665066,315.6
165.11428676667288,179.0
101.88686064488564,100.6
412.657596569616,456.1
156.0382255473681,156.0
432.08449128250106,445.0
511.1627226534867,491.9
109.67817399212932,110.0
60.92744190370322,54.6
47.936463444216336,48.0
125.92030993518088,117.6
108.41793609609847,107.8
46.156111157283696,43.6
47.58561083006576,44.0
138.22615338860203,179.7
64.91952954501235,60.0
144.98580817931267,138.6
48.182178876616945,40.0
67.02027739072177,59.8
69.6076640936779,64.0
48.93728781848377,56.0
548.4887976179988,557.1
155.72983296709506,156.9
47.949459139099766,43.6
190.5591990967601,178.7
92.78715236646251,79.0
47.10195911612562,50.8
61.07580523709119,70.0
120.44014910716226,122.9
296.6350818104409,278.3
164.20206059444138,165.0
290.77722102112944,282.7
158.15084841405738,160.1
87.86229032114025,91.0
230.56067573648306,208.2
52.89521252356404,61.0
230.67535739204985,198.5
379.694573701357,380.0
124.1027076838164,126.3
49.082544347370785,51.0
49.234306045899004,45.0
146.4982319506025,142.5
137.20024425022427,128.0
46.748119230744514,48.0
47.580096511189346,43.6
137.0611269917508,155.1
79.18786218605504,72.1
129.2577879397836,117.0
61.05464743241174,54.0
49.401503856382625,88.0
47.928795335607575,40.0
48.283073055385486,40.0
133.71597459759076,134.6
91.68115824970087,88.2
68.21010221813096,70.0
83.5794089146433,83.0
95.3881804559169,90.1
148.0944214101463,147.1
141.7119629428022,140.0
67.70611273593104,75.9
135.0272126965708,132.5
68.39531596876988,67.35
380.2711491108042,462.9
164.71053560541088,155.4
46.682122645274646,44.0
50.90337216148284,47.2
61.44211954808427,60.0
60.41708443202271,57.5
47.56386574195858,43.6
410.2939166769836,400.0
340.28621344665066,337.0
47.53253494410211,47.4
258.9188326442673,255.0
171.6340494755785,172.5
50.574802131218284,46.3
60.31596850277801,54.8
231.0702283697813,202.8
171.6025388654989,174.2
109.59847516017544,102.0
194.22539415118328,167.4
192.61045371590455,200.0
50.389868296745135,43.6
50.25659691156595,44.0
87.50616924058816,79.0
49.452511380273315,43.6
149.09432881948467,137.4
318.74889730676847,316.7
128.84660451563525,119.9
109.80957474071974,107.9
61.36365279955874,52.0
96.93980227903116,90.8
59.47862855767087,55.0
110.45721156198006,100.0
51.204413660652456,44.4
228.86764020551757,228.8
48.1267403010281,43.6
325.5866643499083,288.5
103.39053796100201,103.5
144.0435437178269,156.7
102.36077564212196,90.9
591.1488925466806,598.0
58.16879671567864,56.6
100.56326403690454,97.9
120.57262896534327,121.7
102.58984940492955,107.3
47.7275809836428,40.0
44.9493519179599,47.4
68.7069660246543,95.6
118.0308750690898,110.8
232.95758814052954,257.9
243.64261972790445,225.0
157.83849441521258,179.0
122.3419811168472,134.0
146.4649799520126,141.2
46.05004835096035,47.4
119.96281051605291,114.3
261.07515619413675,257.0
145.21889744962525,162.0
60.383851514613326,61.9
50.02245523439705,49.5
49.14549844734506,46.3
71.09616415300202,68.0
522.7384484641408,634.0
78.2781382417269,73.0
47.47589429922933,44.2
71.5966236081383,67.5
89.7416676589671,82.0
120.72003424032008,133.0
80.18714530760695,75.0
291.88824642198347,354.0
53.85423101594496,51.1
182.92963983832556,163.8
230.42890744668463,216.7
80.33355222444273,67.5
85.73840070102393,80.15
46.87866772505717,49.5
49.52349122232227,42.8
59.84235409944507,92.2
61.57568657740566,58.95
48.008224588058894,49.67
80.96240913550083,76.7
70.97133590369236,64.6
181.1394934763474,180.8
360.0123992920744,337.5
241.57395193587567,242.5
90.06587357017985,91.9
49.79461135835814,52.6
64.02229736213826,58.0
295.76373057832154,318.0
60.86522122084982,59.4
65.05195745380014,66.0
214.57253697516614,222.5
70.2320095838211,66.0
140.8656361836834,135.7
70.76561989055722,66.6
293.200372363151,270.0
391.31657663257863,432.7
52.68308326586988,49.5
94.35419363421343,90.6
71.65717822526227,68.2
49.05707733999685,47.1
89.44243896648135,96.7
91.68115824970087,87.1
68.9363377742701,65.0
53.507898273358805,57.17
269.3804950262964,262.0
61.69036631382089,56.0
88.83573238244067,76.1
102.90704085752539,102.0
125.85169663703171,123.1
84.417997201054,74.7
50.76336151833643,44.0
76.29574405293019,69.1
48.21461501865511,48.0
56.49741627168074,48.4
90.05202555526394,85.7
199.24972036981936,189.4
118.15597921232389,124.3
48.17105008550744,40.0
62.6676494421866,57.8
49.05707733999685,45.3
148.16081750402975,144.3
70.51353862210611,62.7
177.34465350673824,170.0
53.191788486836614,49.5
48.63121694543137,43.6
130.26243663199187,125.0
171.4100252642328,159.7
51.35895724711606,47.4
272.3399423110085,265.5
116.25545298803235,114.3
351.30361347615525,371.4
47.540844363563785,40.0
46.93568991104992,43.6
67.98275298964916,62.0
145.5937426871441,147.8
271.5964354325376,234.0
87.02266953652746,82.9
135.68371655666365,129.0
48.800379868775856,48.2
98.65819781787837,98.0
88.21987753499096,84.0
48.93255313840125,42.6
51.059000926831324,59.4
238.9081813572372,216.2
47.108829447430345,48.0
410.1389555677463,557.9
130.99923623684984,135.0
81.02977579062865,82.6
128.30033625894063,119.7
149.68023187910148,135.3
59.62618327346499,66.4
201.4706443756777,196.8
59.00024868695614,58.0
124.33626002155411,121.1
251.20358680375008,256.0
199.57757163273206,194.2
206.77945861373647,204.3
102.13864043184817,93.0
321.267118364271,288.0
45.113569531279865,43.9
230.03214605798686,226.4
62.65198355421106,56.0
401.43226741260077,378.8
130.21815133671436,124.6
109.30473771537994,104.0
488.51749890828125,474.9
95.3881804559169,90.0
84.64461295960193,80.8
47.50880421084549,51.2
51.56788788834791,49.3
106.93176953398911,104.0
57.69713566469879,50.0
179.09909662383316,175.5
54.45943171348681,50.0
70.59386598085483,68.9
46.895435567274255,40.0
54.51500249275027,60.1
207.31947301355925,200.4
57.233069710093986,50.0
160.98386713067862,152.0
72.24577367066846,65.0
498.27637362973275,480.0
69.86136134756413,74.5
75.51631397749506,78.9
232.38340401968932,232.6
131.95486010510982,125.3
176.2208495774226,190.0
55.259819312051086,48.54
109.2754543820466,107.2
87.81789212779924,92.0
48.291096119646085,43.6
75.39282236255853,120.5
116.52775739473971,107.5
110.43728826705805,110.5
178.5509936026723,226.2
72.24577367066846,68.0
52.39089517634861,49.5
73.25899861534609,68.3
72.788035215596,50.0
47.905991480830295,45.0
552.0282745543517,549.7
259.55691569191924,260.0
48.57389194543136,40.0
105.60107866420911,102.1
119.67464866861533,117.0
77.63250999321636,73.3
47.97102399417223,47.4
50.70207736622437,46.0
46.89156190423414,40.0
69.0855071042849,65.7
150.9914452149248,254.6
355.6712334530957,354.3
179.62145559110152,166.3
66.65227234750891,62.0
60.22076139322091,54.2
75.54940197227734,69.4
45.54615677590098,43.6
153.03450086899267,149.0
240.96515084161115,239.7
200.69533974976454,189.2
174.26102846589507,186.0
371.73146777997994,356.7
49.80751927202691,40.0
256.53264537419966,246.0
118.21364587899056,112.0
59.751360458746646,55.6
49.719841441514454,47.1
48.12547639184689,43.6
66.65227234750891,60.0
49.075939914631434,44.4
233.29039240364926,497.9
59.23966808397072,53.0
182.8412080589616,169.0
47.76194112949838,40.0
79.38998160428048,88.5
47.67296871555496,43.6
96.38903930559756,90.0
155.3941984000904,186.3
591.7239925466807,599.0
47.250184933900115,50.0
255.10268124903791,320.6
132.82070946638788,141.0
79.43449760048716,77.2
49.54098856900707,49.7
54.224691716028794,55.9
108.31312981235979,105.6
126.29364480712697,122.0
133.64680580787825,131.8
80.27548243100992,76.0
47.119592820540056,47.4
45.10547104643138,45.0
133.49974121570952,162.8
50.7749478295726,44.7
135.3514304444464,124.8
139.47825122296013,136.4
79.29951017570905,71.1
89.61676343256212,84.8
91.08615173407576,80.3
97.08171253544143,94.6
433.82612191881634,428.0
230.7451660262879,235.8
125.76864914664806,132.5
90.20998848923087,140.0
98.29945278012617,104.8
158.98649518982754,178.0
70.97116593495679,65.0
165.67651636661387,156.5
88.24131243372317,85.0
212.74133633665508,189.8
522.3548762058435,187.4
49.06525405475259,44.0
145.00740661643968,139.9
204.75525347732423,203.6
114.30103715863594,119.0
45.22908407141945,44.0
48.94282896506372,40.0
87.51819476664164,82.0
65.38647984734217,61.8
51.4578666767296,48.0
93.54726398193034,89.5
144.13047825168564,135.4
52.74226600582494,71.6
160.23274382609623,157.8
46.68849217566014,44.4
233.7898242805131,235.0
64.9609780717458,53.2
87.77163464239025,80.2
48.793997841272514,40.0
442.04595227245386,453.5
125.96538952026609,133.8
47.06412944497359,40.0
46.89547095806924,47.4
48.00104511281643,51.9
140.99188503208813,139.0
357.3800032003837,362.0
76.90505376502476,74.6
61.693384479404514,58.2
81.1299737950551,84.0
51.644350918577764,45.3
120.57262896534327,113.6
54.17609292087913,49.7
206.05882787986383,212.9
59.84235409944507,69.6
495.9049415784508,487.7
100.03721140912117,112.8
58.3467622670471,54.0
124.18647051276378,121.4
109.48640350418162,95.2
72.788035215596,45.0
49.7118497458199,61.9
133.54276526710922,129.0
528.5043776044449,515.0
64.62382112552868,53.9
98.142813770283,93.5
128.19036082992838,131.0
59.55423310312542,61.4
183.77081449681668,224.8
48.253112741187934,43.6
71.00487003173508,67.6
90.34555883462939,88.4
154.1765209360994,151.3
231.5670696247727,327.1
47.16058680874035,40.0
252.30457336303175,214.0
172.06474414703706,186.1
72.9886282890455,63.1
77.32906604812929,68.0
47.3008504454925,44.9
59.81515409944506,58.5
53.862404560198165,49.0
141.8527152539853,134.4
145.6273141253098,134.4
191.96916853250747,183.6
172.5913729740135,178.9
135.40380914191337,127.0
46.682122645274646,49.45
61.59527986061368,55.9
52.8883600468425,44.0
114.12485522541148,108.2
294.71344133692475,295.0
137.14581811646838,123.1
198.6011183210269,214.9
76.25563953071962,70.7
102.36556450620964,94.2
47.41560854248704,40.0
87.2137322712945,81.5
317.96870747176746,312.9
137.22165794107815,154.5
47.81319708187934,43.6
135.6315546911959,129.2
60.870877786506384,61.3
295.8657747363548,278.6
103.43155809693285,93.1
232.87093527205033,265.5
566.1605624573259,566.1
107.23390156745388,106.0
102.36556450620964,100.0
46.65602024570437,59.9
47.50769577343473,50.0
58.52757082738348,52.0
45.083377028522364,43.0
93.57867019254886,93.2
176.62865390862902,169.9
476.9967485881078,448.9
116.75345161974725,111.0
326.6970254610194,516.4
61.20328787363828,57.5
62.239111199020165,104.0
77.4105313836854,72.3
50.156482071877036,42.7
47.3703422176711,44.0
527.6320941053831,502.3
46.81604226212482,48.0
85.65020367520111,78.3
79.92186525155806,80.2
87.50616924058816,89.0
251.57386041140643,238.4
70.32800580345054,68.8
49.514956992902334,44.0
47.000644163588305,45.0
59.41548310312542,54.4
232.39618341599046,227.1
60.424703731352494,58.4
70.5989852406097,67.0
104.88037124173856,106.0
47.438595882621804,50.0
55.82986496760737,47.4
48.94282896506372,45.0
47.10138526306848,46.8
44.22947882815925,43.6
55.42296886257662,49.1
267.8710707034242,242.5
200.00591743628357,205.7
101.44981281778858,95.6
47.67484595620993,47.4
47.67296871555496,44.0
160.90522561035132,159.0
383.41803089559863,386.5
58.01362214833544,53.0
87.77163464239025,86.0
420.89022263123843,408.3
78.02612395339796,73.0
106.34857337871746,109.9
119.93901134935193,122.0
81.49622046859668,45.2
75.52809342495512,88.4
47.12413083142382,69.7
141.03320375615772,136.0
49.142768262300336,59.0
49.28050649185165,47.4
70.2481819148325,64.9
60.980409199539466,58.2
49.734633905051844,40.0
70.28663458382111,70.5
208.09624362060586,233.7
124.98691180321322,127.9
45.12195474241512,43.6
46.26087848506668,48.0
120.86091041479509,115.0
244.1803225695524,232.0
163.41161449359493,160.0
49.33835366288422,42.9
64.59319880395279,59.6
88.13585736209119,89.9
158.15084841405738,143.0
46.642953348783685,47.4
79.20845957182657,74.3
47.731962575294375,49.5
47.108829447430345,44.0
207.25731988793436,192.6
47.29631167382686,40.0
47.33675978622497,48.0
137.931493486164,132.7
91.77039743847986,86.9
47.29631167382686,44.0
89.3457906855196,83.3
494.6056933822027,456.7
106.24772960119935,104.1
222.99081666248696,211.8
65.85509491519866,65.0
53.191788486836614,51.1
61.814806250896154,56.5
121.18828961340841,117.0
529.2671390605335,499.1
135.78047192701794,128.6
123.53258921986182,119.1
50.37355929401205,47.0
49.24431721297849,44.6
57.05714152775778,49.1
159.8558041761597,149.6
184.66838071883546,181.0
170.46668575579267,175.0
173.03845322107875,223.4
184.66537358496015,185.8
158.84084080412097,153.4
47.30874611624407,43.6
226.95243166565658,189.0
111.34959590201407,97.4
140.56705107118896,139.0
48.008224588058894,49.5
136.20229183685316,120.9
68.83077455808099,59.3
151.71619323580774,147.0
49.82741224896787,47.9
45.95088067939164,45.0
49.719841441514454,45.0
51.90393637936855,66.45
199.81931806943044,183.0
87.41471986392149,88.0
124.16991120442506,112.7
99.04333508985175,94.7
46.665081784165906,40.0
445.04729146659304,482.0
190.5591990967601,176.0
290.553350087734,260.7
46.890945502834946,40.0
53.21068271103348,54.7
56.11670341795554,53.0
234.6724824987671,262.5
77.06638692871013,74.6
272.2653199027757,268.7
52.893041118361964,50.5
49.09352671810344,45.5
47.29689604214272,47.4
46.61606619522563,44.0
106.99683956558536,115.4
46.70966553538775,40.0
118.2607506671283,114.6
71.05219715388829,66.0
257.7792187354689,303.5
102.21870521287008,106.9
53.18479959794774,45.8
246.0954773536595,228.0
298.92363962354284,284.0
89.01161694772695,94.0
45.07392980960559,43.6
71.57956951475232,71.6
249.07517479951056,256.8
48.94282896506372,49.5
88.41634284690649,82.7
428.1866360241555,429.0
125.92608889589911,118.8
233.64642477744866,216.3
76.21968346126715,75.0
46.688259341154115,47.4
231.66174218735506,246.4
47.12959367687221,43.6
56.52747887258751,48.7
128.5271450174474,124.0
233.5286015955544,217.8
341.2363395431888,306.0
119.93901134935193,112.0
352.15326346120133,360.0
79.39278599208568,90.7
47.16058680874035,40.0
74.83174950131028,40.0
145.9591365738239,135.9
63.19821580229232,56.0
164.53320371711968,141.2
167.46558374436435,175.4
220.5094026751085,207.6
101.86551068699592,103.6
48.74459724494306,49.5
127.89420202130376,122.7
64.3558489142189,60.0
48.360283588137484,44.0
77.07686421771454,70.7
88.44287253738113,95.0
48.64032805654247,47.4
324.1234319216503,298.6
47.28509383703025,43.6
188.5435995157358,182.4
50.156482071877036,46.7
61.138027211983555,62.0
48.253112741187934,50.0
88.89698409513026,84.0
107.02003956558538,90.1
634.3532082726217,652.0
644.9307441672825,666.2
46.82856232294746,40.0
52.951533610060885,66.9
48.8712439393146,40.0
190.5591990967601,165.6
51.97220445923043,59.5
71.05906219221771,72.6
80.62118282270906,73.0
56.6700977600842,49.6
124.59006768277601,130.4
149.95236558345724,185.1
206.4487339043646,207.5
46.972564818757675,49.5
87.44202246202889,86.1
83.85967404530861,174.0
92.52145485389015,85.6
46.90913822870394,48.0
145.20555394024797,146.0
46.98112610536636,43.6
193.801113893214,196.2
50.85705916252439,43.6
110.2707134187014,101.9
52.60977069824106,40.0
49.20275073584928,43.6
141.26472611284308,150.0
216.52534238433486,245.1
119.98763431901779,125.1
104.7540582453795,100.2
75.54136488436524,71.3
203.0785577160759,200.9
69.61128590951151,65.0
290.189318937374,287.5
70.54598602145893,82.0
113.67230509144403,103.2
182.97248126679796,189.0
56.987233625505624,50.5
67.94669209095635,59.7
120.1908041033131,113.0
51.52645931691934,47.0
555.8420219714227,573.1
95.7668577147035,89.3
57.13580994360266,49.0
229.6658034789207,204.7
70.96426858245972,67.1
200.58376776561315,202.0
113.16826873067092,149.3
199.57757163273206,194.0
640.5797048815681,666.7
89.23074396790732,94.3
126.68385181568448,149.4
125.86169568329115,255.8
63.8621316016783,56.6
92.52145485389015,84.0
141.62385740017547,57.8
63.48481238026696,51.0
47.6407948463526,47.4
47.59413995400551,40.0
236.4361397207801,259.3
314.1390063052967,310.1
44.25201657572873,47.1
71.89802457998393,68.3
78.96359440391366,79.5
59.60578228295342,65.0
89.46896977094521,99.0
147.90064773768324,183.0
51.19259976181319,56.7
116.98305542277838,111.0
200.5916672695922,221.0
59.80687379276926,52.3
134.20328045499338,126.0
183.21486161837663,181.5
54.86925902544626,43.6
140.8656361836834,135.0
45.85365629743208,44.0
115.04644302353933,97.0
84.99467233526266,82.2
124.79749198646294,158.2
208.52452074449232,196.0
52.635690137004794,47.4
48.93728781848377,47.4
258.8498326442674,252.5
166.72397830505244,158.4
151.6882670978108,188.8
67.38271670477945,58.5
195.0766484395546,218.3
52.521887997296325,48.0
77.95640020049333,77.0
64.0244998933291,54.5
59.7630804142959,57.5
126.01091888231412,121.0
48.00104511281643,51.9
104.61213170894045,98.5
63.79279736213827,56.2
211.77864284217992,227.0
91.21029174425914,77.0
87.92614867821526,83.1
47.48665190316644,40.0
90.01030412132944,99.0
90.14452237978342,86.4
90.03696422352967,82.8
87.50616924058816,78.0
50.82120353481877,44.5
61.15982120697162,56.8
417.4843340060756,394.3
59.41548310312542,55.0
113.55442749623268,103.4
50.71778397401644,43.6
374.64999808808136,366.0
48.660822137927,48.3
50.41655466506127,42.0
102.70526498092426,94.0
105.78358626642954,94.3
71.45829975499916,68.4
46.66341511749924,56.0
47.000644163588305,43.6
238.05545705075653,237.7
215.71731533231326,213.8
59.2311560762018,51.0
269.22290284840335,253.2
59.48818856329991,51.6
132.94562373471757,144.0
53.18479959794774,49.0
325.25842826535006,336.1
166.0163497998473,161.0
135.69764623620011,130.2
48.2239332416963,43.6
80.13787727252102,107.0
103.85149686186428,92.5
261.26400762631914,284.0
62.9221268040501,56.4
50.29050776888361,47.0
51.71278189037418,45.0
120.3656350173031,118.5
66.79810453725445,81.0
110.54196005744834,101.7
188.2366820162537,187.0
129.45186298394813,125.0
46.3694646336373,47.4
48.200211761608806,40.0
124.86988173873483,117.0
120.72003424032008,133.0
143.97954460621074,124.0
410.2939166769836,400.0
63.90842774413117,64.0
550.5177773254694,543.8
522.5639873169547,489.9
88.79269771615807,83.9
50.156482071877036,48.0
82.85611686350185,90.0
140.99188503208813,142.7
129.26783230639776,123.9
89.14822832593207,81.0
50.86192202659631,50.0
134.34548899394164,134.9
97.27585696430988,92.0
234.23187866573483,222.0
59.41548310312542,53.8
83.30159842663048,78.0
171.23453370518266,156.4
58.48054544140436,51.0
46.371358565255306,47.4
80.96240913550083,79.3
107.20972270860386,101.0
229.22655400196746,225.0
340.28621344665066,336.7
52.690335318415045,46.7
84.07788558560861,77.2
131.4624295194567,108.2
333.96162841580144,317.9
330.7420523688787,317.1
78.48651756857666,74.0
55.259819312051086,50.0
539.6104638906148,532.8
58.42842524896611,53.4
75.80841230642086,76.1
297.38337697293485,277.6
97.98794792779216,84.0
102.94210563575999,105.9
47.580096511189346,49.5
519.169608745526,529.4
53.08988767249161,44.0
48.53271567234893,44.0
46.73094356055735,44.0
44.319845420930804,48.0
98.07033838108886,94.3
105.5143690826168,103.7
44.78571871496579,43.6
113.37674658613022,111.5
51.10756807215045,49.0
47.16058680874035,53.0
48.90617112232527,47.0
110.6771060774544,112.5
71.41686337593593,64.7
57.17013217184236,48.1
504.7000128461922,498.9
168.22071833997316,165.6
205.8919115552995,190.2
84.68014028938907,77.8
153.92105443932968,151.0
104.95917574941173,100.9
134.2773449463226,134.3
297.7247840242169,290.0
273.68308290824274,301.0
61.042333706921546,61.0
210.20647038864897,219.7
48.20832234008649,43.6
201.9199232786579,194.0
201.40602842286367,180.1
139.32272940466214,142.6
198.3005814124789,211.1
268.44007453949564,250.6
46.68442533526317,44.0
87.27666563735932,84.9
99.08605375938349,99.1
240.72209178826807,228.5
125.96538952026609,143.8
47.12211671631897,40.0
47.50769577343473,71.0
47.553577593737316,128.7
279.8942384092004,280.2
58.3467622670471,48.8
53.507898273358805,67.1
289.6029147262585,287.2
71.31587178703572,67.0
79.2605263606904,77.0
69.71304453909208,58.0
115.41722043297895,115.0
71.63615059008492,66.6
298.68007677238046,274.5
142.7652542505187,147.0
50.95667707847445,47.1
195.0766484395546,232.7
46.913611073509344,43.6
90.03696422352967,85.5
124.86610587666586,123.0
46.280784229714214,40.0
140.5437619173459,129.7
86.99091198319685,83.9
88.31992313590072,77.4
208.97832976954138,204.0
79.6563096558415,75.6
101.10014679913058,103.5
60.8213215982375,64.6
126.41056353131464,124.0
225.87846359572947,213.7
54.614855685901865,47.0
47.27183217428258,43.6
360.80005139663206,342.0
46.61722161385088,53.0
113.59102196186657,112.1
136.1635405407268,127.7
210.51589530326027,211.8
251.5447105599938,251.3
162.3206637118752,153.5
45.86447339073483,43.6
79.66139578052375,73.4
104.53784073330438,98.0
89.23438671944342,84.3
130.00091778954365,124.9
81.60229372869168,79.4
79.5146874900865,78.7
65.16189866291926,62.0
88.00462019524807,77.0
92.05725241696702,89.0
358.92233254011967,336.6
45.65998273572401,44.0
128.95448267657196,124.6
80.67816853699478,77.9
69.57292023681151,104.7
49.28050649185165,47.5
69.80823114224314,66.0
61.173638570424515,88.0
276.62049841874455,273.4
138.47788521172322,146.7
209.38170914784402,210.3
173.77462497722684,170.0
435.18857779043765,419.6
61.0157393931578,65.3
66.61433115416264,60.0
135.74301318364766,156.7
76.7357556203808,76.0
169.6357071483612,208.0
80.96240913550083,102.3
113.13269155081447,111.8
230.19839779530662,205.5
77.56176971701872,80.1
79.78580198885312,65.5
65.3223071747062,49.0
47.299732590375434,43.6
44.35458285140566,43.6
48.7990337014281,57.0
53.833924850061564,46.4
81.9683732914085,78.0
188.04833137512804,169.0
48.74626280199357,47.4
390.05843776813316,371.6
48.94282896506372,44.0
49.1114039110859,48.0
128.29228714571786,142.6
52.05639983554057,43.6
206.8380867334268,200.0
300.16912701600705,293.1
114.61087269278433,119.5
318.77983374493107,333.8
46.66341511749924,51.0
94.97086525316737,129.8
306.5419051114539,299.7
46.910144318133106,50.0
47.25233613176701,51.6
100.06185130077482,95.15
89.61676343256212,88.0
76.20519627102735,68.0
199.05308886226206,192.4
389.1690958614991,378.4
88.94593055224706,83.2
98.48312349355405,99.0
152.4030893303277,156.0
48.660591945431364,57.9
77.04476318923497,85.0
61.15982120697162,57.0
71.65213349030626,65.0
324.6948901546775,316.4
52.291340861006475,40.0
72.6465753594543,71.5
306.11025950102527,291.7
62.56052682321394,112.0
48.200211761608806,45.0
49.142768262300336,61.0
145.86351039597108,139.0
69.51421985132335,66.8
112.83116262115486,116.1
56.4801861892504,49.5
46.45393647023073,45.0
227.02196219229478,240.0
47.79448299758168,40.8
62.5540306936008,61.0
46.58190514060375,49.5
51.4797101880894,49.5
65.84626137085894,61.0
559.4509999268007,564.6
153.36811583656447,183.5
52.86089771372738,52.0
71.89802457998393,66.1
124.98691180321322,128.0
67.44841964658112,65.0
58.51880431732576,49.5
101.26130885218498,89.2
135.67233808960816,131.8
90.1023209386009,88.2
114.1469949705408,107.3
71.6830067125339,66.0
98.42663499201572,91.0
102.85853425422067,96.5
106.88571341755174,102.0
46.52638331403998,54.9
297.10556000150837,294.1
64.0244998933291,60.0
649.6185890085521,660.6
406.40038523097525,406.7
46.631119834029526,43.6
45.224334071419456,43.6
53.5987218827905,52.0
83.39630878383436,80.7
57.95212453698602,50.4
543.1349425114823,617.1
155.72983296709506,152.0
53.84654030406287,49.5
46.280784229714214,47.4
47.510395581264994,49.0
45.102679379764716,48.8
120.60338877510492,118.2
106.55690409015517,107.2
99.31220000469763,101.0
59.81515409944506,62.4
76.32961605797122,75.0
235.50074907164367,278.6
123.95059907626603,119.8
49.05707733999685,47.1
62.098781897052476,80.5
97.37072933438323,105.0
71.05525669980452,66.0
47.33675978622497,47.1
74.68035382188744,100.0
48.238616444741226,44.0
51.994418744944724,52.0
322.28880462188476,319.9
52.291340861006475,40.0
176.93203200550946,177.0
47.247931229868136,43.6
353.9389071794017,59.7
176.64256840304523,168.0
97.84484948344783,90.0
98.16457252079803,95.0
443.00591079684995,456.1
50.43221499217036,44.05
45.885321843299735,74.0
230.97292114906776,229.4
142.33010706438841,135.2
47.50516822786371,40.0
48.95632328324554,40.0
47.10195911612562,50.8
288.06153823885705,289.4
54.47737165553823,74.2
136.04345202222626,133.0
50.778453631869624,53.0
46.95905749661546,43.6
57.64026974094512,54.5
308.6586733191208,305.0
46.156111157283696,50.0
60.87883233196093,59.8
47.50516822786371,43.6
72.62078684655656,70.6
233.411977651111,245.0
221.02056680810784,235.6
51.05547109331513,43.6
53.77084900464261,50.0
50.35115380666255,43.7
92.03709829818577,91.2
173.4972262844164,162.0
224.72150485468094,236.0
660.8718322625206,679.0
48.008224588058894,47.1
61.830854544958775,55.0
49.08193533836178,42.8
108.82215420437626,105.0
110.43728826705805,110.0
136.84420483162143,132.3
52.917813618515495,41.0
99.51552943326936,96.0
46.87297156203727,44.0
379.37499299650625,344.0
47.7513494345653,48.0
62.996974621510425,56.2
140.920345779643,140.1
54.51614325883589,64.8
113.69070451983856,95.1
66.96428159101771,63.8
50.480894505780554,56.1
295.8076335694049,296.4
58.01362214833544,54.2
64.06851939643258,62.0
61.03763857042453,61.5
200.69533974976454,190.0
274.3548471987622,272.0
152.0643802655683,155.9
48.16297358759837,45.0
177.37195337404933,178.0
80.96240913550083,80.0
47.247931229868136,43.6
69.96222078839577,60.1
361.9603132881384,361.0
49.63560162766884,57.0
81.02977579062865,80.8
126.23049038505691,123.0
50.23325315487286,50.0
146.4107657531909,138.7
46.643849585048194,40.0
49.52349122232227,42.8
52.66903267065222,45.0
295.199318928274,283.0
326.3335110944343,318.4
58.3467622670471,55.7
66.60135081973114,62.0
77.56176971701872,80.9
76.32226343658049,85.0
167.24184671211503,153.2
108.45821376504358,118.7
45.18548244655086,48.0
69.52657285436166,64.8
102.35410275606027,91.7
219.8663651724475,224.6
125.91488760639048,123.0
101.85494047172298,98.2
143.93564079472046,141.0
64.57966334297879,51.7
47.538798023650585,40.0
53.862404560198165,50.0
86.78465379888979,86.0
87.27814707687224,79.6
551.129094915102,552.8
233.10010265286476,244.9
140.56705107118896,144.9
70.4601882477624,95.6
264.19277162786074,308.6
397.38973922760374,397.5
50.156482071877036,46.0
46.156111157283696,44.0
268.15341160060734,251.0
51.47159069191147,40.0
58.30934656079554,53.0
77.58959983871935,71.7
76.06199774082478,71.1
50.56308648785056,45.0
175.66684325183934,167.0
88.29463590202191,86.4
126.05903258081584,118.1
167.40006309790672,173.5
253.33854935494475,250.6
69.5812794782933,64.0
230.39768917939716,195.2
198.8979984350613,190.0
139.28215415892436,137.9
47.51252521351648,44.0
61.043586207520505,71.9
47.33675978622497,48.0
52.81306399339339,44.0
87.83956086862592,88.0
184.96512989813732,181.6
349.7438419517294,341.3
51.283560572499226,50.0
77.82652458117349,74.0
161.03038642784583,162.6
59.38171021074244,50.0
70.98408431744937,65.4
134.69532050554974,127.1
52.65897798349189,48.2
145.3831884381904,145.5
90.15769240188139,88.2
152.4030893303277,152.8
219.0848048778809,193.6
107.00173956558538,122.4
133.86590519392513,128.1
114.16880730043513,125.0
49.67714221028803,50.0
67.77821670140217,64.0
60.48218484794666,63.5
81.0972249114918,74.4
48.83904653544251,54.3
177.1321935701402,172.3
313.97973255771626,302.0
61.41935600286748,53.0
114.0893167446278,108.2
116.25545298803235,113.5
64.40238969979629,52.5
73.1558179312363,62.0
61.5405217932709,56.6
79.7388186263642,90.0
129.64398791777302,136.4
71.79050714380266,65.8
69.76501373058639,102.0
172.02370292875457,148.0
288.6692382388571,295.5
273.8251056628427,243.7
53.862404560198165,48.3
48.78972149088591,43.6
205.7534642745786,203.2
136.05876982178236,127.9
552.0504096698355,569.6
90.1072968588081,87.0
108.61183179573585,126.9
184.9963603794565,168.3
148.86078458431624,152.1
644.255827200577,660.0
61.280214401726596,65.9
232.66648398696375,229.4
120.29939299169455,113.5
79.38998160428048,80.8
45.16414625929159,40.0
150.77931759892658,154.0
113.81250199478953,124.9
302.90348474173646,286.1
540.196756046836,605.7
171.56632604498608,175.0
47.32338835765354,45.0
134.89052930404375,137.5
47.60937290892016,44.0
549.0907360628432,543.7
50.31173500324375,45.6
73.07094007847496,67.5
181.3139027535407,207.0
50.43317100705261,48.3
46.631507372848084,44.0
57.94269681379551,51.1
66.60135081973114,63.0
184.5119462351726,178.0
136.004657321586,142.0
252.06319922258638,237.3
148.99256056735592,144.4
49.030588065808864,47.4
67.94669209095635,65.5
47.48665190316644,40.0
207.24623078816956,238.6
99.6787542211242,91.8
44.383552058722735,40.0
205.03148044028592,187.5
259.89853437880737,249.0
74.52406212247219,57.65
85.25391399266144,86.8
48.238616444741226,42.7
444.2857941587398,396.8
48.17105008550744,43.6
134.20328045499338,131.0
101.05792511806065,97.5
105.74982894579009,111.6
80.0871293208003,83.8
181.2130242616304,182.8
118.00107071073269,125.0
256.6317946977979,221.7
89.14822832593207,80.4
89.51539047556987,89.1
46.97552315209101,44.0
50.505140257216716,50.8
104.83434258619042,134.2
375.2058171863871,385.7
59.737258399001256,54.0
88.19927402875787,87.6
142.35115637372692,135.7
46.76005764273379,43.6
46.91095646619774,43.6
90.06587357017985,91.5
208.48589243012972,191.2
219.8663651724475,222.8
199.8925810034633,205.6
84.10749482698085,78.5
54.35892142021103,59.0
88.98948201115216,103.0
124.07688174697054,116.9
173.5154726287385,181.0
69.33712601573912,69.0
206.77613623614405,200.7
53.94066292583767,43.6
146.4764276493348,143.0
98.85000707347102,93.0
202.38761894657466,202.0
46.29332244195243,47.4
46.58190514060375,43.6
141.77800536227988,146.0
165.09999748805464,160.0
45.18548244655086,43.6
44.707327028828594,44.0
46.00019041445242,49.5
63.72956767109907,74.3
89.62634099532325,88.0
199.78827537778542,174.2
141.43407545573103,155.4
48.008224588058894,49.5
200.5916672695922,205.3
122.19247250405886,109.0
60.95345594559711,60.6
104.66477727179063,120.3
49.055338043291414,49.5
92.15575033812621,89.1
73.69821136591725,67.0
536.4677948698696,547.0
44.70105112123784,47.4
70.7492298698533,64.0
252.08772842165385,249.7
44.26407904284972,47.4
47.64950700092643,40.0
47.43451980033121,40.0
87.77869090252581,78.8
46.9700715082054,40.0
68.1011776879098,64.1
169.8941319478125,159.5
57.01924465855801,50.6
70.98408431744937,63.9
62.77062661523269,60.65
48.200211761608806,45.0
46.35181275419675,43.6
236.01579614847637,226.7
241.17860535441415,258.8
99.2098753145271,77.5
166.219848963649,157.0
47.33857590660939,43.6
136.84420483162143,131.9
51.44664087862648,47.6
49.17263937923233,52.5
114.58401844890943,110.0
91.98737644938963,82.8
66.38531510544543,61.2
64.83422645857206,60.9
51.543377171016324,46.0
62.70315796498546,65.3
47.16958680874034,43.6
47.75856813084992,40.0
102.40491675552973,104.9
80.43153243100991,75.0
88.83609211633964,80.5
60.65584425688516,52.5
73.79297223548245,67.0
47.430792512004736,44.0
47.07579787414083,40.0
230.56067573648306,207.2
78.85166125436147,75.0
78.05174609623377,101.8
155.46365940892204,146.6
75.10044921013672,79.0
47.3008504454925,40.0
150.17032309004566,163.8
118.49036747010712,109.1
66.87483053097853,64.9
343.9593726783976,346.0
86.8463859906715,78.0
165.97489260514484,155.2
47.79448299758168,40.8
141.29550395556197,130.3
56.17310918536445,58.4
47.54265921205572,43.6
214.66230064229015,217.0
101.14032728175367,99.7
283.779536309069,286.0
60.3514423733391,60.6
114.0510268125335,108.3
91.1392792954863,85.2
252.1698520044094,225.0
54.71068611064521,46.0
44.13760017631209,44.0
88.63300760634348,84.6
260.8549375932123,248.9
166.47804198304155,165.3
52.09134306643464,40.0
295.4218189913692,290.5
90.90292598992572,88.8
215.04047296515336,300.0
334.6961774866392,345.7
46.97178815193962,47.4
184.56822878139386,181.2
185.16425104779927,186.0
162.34625363472068,162.0
46.05004835096035,45.0
144.27808727461658,155.0
78.29373595092962,87.0
116.62352266253605,114.0
416.3483803030304,381.0
136.1635405407268,137.7
363.9687376834012,427.8
143.82312002180635,149.5
390.3192314189268,366.7
51.63644409648659,59.9
148.98506691472275,147.9
46.98383741857869,40.0
57.29896854787713,51.0
50.86271921454893,45.9
101.88642201378413,91.4
48.79780592295172,44.0
79.16820485023283,118.3
48.24117358270589,40.0
46.156111157283696,46.4
261.37855399792363,264.9
79.66991917346199,72.0
47.108829447430345,40.0
75.63458134372048,81.0
258.9188326442673,254.1
210.16682102471543,206.4
58.51880431732576,47.4
140.88944173923895,136.8
217.53527346955426,208.8
49.51169272546736,43.3
121.81619910953894,116.8
51.05190014144782,50.0
59.80687379276926,57.5
131.61613529875024,109.1
46.899612169501616,44.5
44.191336789874015,40.0
53.190553638351766,63.2
59.62618327346499,67.0
53.65833901445493,40.0
307.0025274680626,351.6
46.682122645274646,44.0
181.00158407011452,177.1
94.44924532705367,89.0
50.639724580937376,44.0
148.7285772863658,144.0
234.3933720152081,202.6
47.41562053919666,43.7
69.3176112213798,63.4
83.555129758324,91.0
54.38605207317165,65.0
127.01205598235116,117.0
323.4275637032003,303.5
389.1007786327065,384.8
171.50782191693006,176.4
81.59666916491926,84.0
101.40196826050901,94.2
49.28050649185165,48.0
48.93340803100482,48.0
47.250184933900115,44.0
164.40658730283977,145.4
325.7100503916252,346.1
397.31248866013414,389.0
95.10634902382894,88.4
201.52657967822074,190.1
61.15982120697162,66.0
169.3314828114913,164.0
294.1552968313596,307.8
87.86229032114025,91.0
91.2886293500361,104.1
51.44664087862648,48.0
44.65067168355708,44.0
48.0174482341583,44.0
116.52775739473971,113.2
89.50232121714623,87.0
188.18382919179055,373.4
174.6362506881173,169.3
161.06053283589463,155.1
87.46808430701431,82.0
215.31250192886327,237.5
180.66656299492323,219.3
214.41374451406915,205.1
48.00104511281643,53.4
48.81487298714238,47.0
209.083147738241,204.0
79.18310485023284,75.3
193.79547143318385,193.0
47.73870198920975,49.5
183.56465749998682,181.5
62.5540306936008,57.7
101.66524823672786,95.5
44.27468865365081,43.6
60.86522122084982,61.9
61.03763857042453,53.1
163.67198056413378,162.1
137.45353604916284,125.1
77.53967346264434,78.7
48.23251637210699,40.0
49.211937209003736,61.9
480.20750293767975,482.0
275.8271115891067,271.7
52.83447985667024,44.4
83.13705958879616,75.8
59.77657212449145,72.3
281.34723018409215,279.0
43.262680053553986,47.4
544.5005853758403,539.3
50.628592345026,48.0
211.92642645275856,187.5
150.94602059668009,146.6
87.47148079536223,81.6
183.8808056018523,157.0
82.34254410757981,77.0
93.62102406403227,97.3
269.80332929267956,262.3
643.9165810720442,635.0
85.21129221980625,81.0
121.81619910953894,116.8
150.93160821511844,151.5
64.40238969979629,52.5
640.5797048815681,667.0
137.12285789301922,141.0
61.15982120697162,63.0
55.71583880531251,49.0
46.910144318133106,50.0
51.39264043571981,47.4
83.62295307081895,80.1
48.74459724494306,43.6
237.84379845862404,236.5
128.36180169940457,142.0
344.6791038792588,336.2
270.431862757844,271.0
49.055338043291414,41.0
420.2511799186172,423.8
165.25822835590373,163.0
69.94781379808022,71.1
51.09694757090369,44.3
48.800379868775856,47.1
409.0225968700326,439.5
84.73841537069687,75.0
89.70823447810216,89.1
67.98275298964916,61.0
78.05174609623377,100.7
186.0626859545811,185.7
58.48054544140436,51.0
291.1025469702712,271.7
128.28856082992837,115.5
229.35142718917254,250.5
162.3206637118752,152.8
137.7906144947267,137.9
64.91952954501235,59.8
45.10199377370411,43.6
61.11121927821527,60.3
48.008224588058894,60.4
81.57097878240583,80.0
50.85705916252439,49.5
44.247828844941004,44.0
96.93980227903116,108.2
78.39812042565585,84.7
69.15384521417332,61.0
47.977907046627095,42.8
232.25370922239384,216.0
163.1792972945336,176.1
77.4696543254719,74.4
46.87866772505717,40.0
265.34525275531166,272.2
55.5487825155143,51.4
72.87697687501176,67.0
267.5135983503358,279.0
180.0151415855179,180.6
126.65245746647723,115.0
184.6542043888752,195.3
310.7472351162257,277.9
46.81120708357073,43.6
87.16570893719712,82.0
152.84878773699884,135.3
58.01362214833544,50.5
73.07094007847496,66.0
87.42491255218187,80.4
50.35115380666255,43.7
47.807587300753184,40.0
141.35200082896984,144.3
51.543377171016324,46.0
139.14611529122448,125.4
77.87198261607777,77.0
89.56571599532325,85.1
69.69160010982921,63.0
281.4540232243764,343.7
282.10985599418444,253.0
79.66991917346199,75.0
89.89679365299558,85.0
77.37652577510026,49.5
124.12436458795256,121.2
53.793946763823776,44.0
333.15689561700566,312.5
223.45026632912817,229.7
47.51444386796979,47.4
115.94953105141374,119.1
66.42717899539099,59.0
200.5916672695922,205.8
54.38605207317165,61.8
478.01838894944905,508.1
145.01255721705863,151.3
443.1574197778692,420.9
412.02437294372294,364.5
352.23967457390614,330.3
102.35410275606027,91.5
46.96198607350935,43.6
77.06638692871013,72.5
170.46668575579267,175.7
47.807587300753184,40.0
125.68668760639048,111.2
135.5304909600952,124.6
50.37355929401205,60.0
140.42959812385777,151.3
87.448605534638,80.7
67.37968569548715,94.9
49.58954419026435,43.6
96.32907541756296,140.2
46.280784229714214,44.0
61.02244743241174,60.0
143.82312002180635,142.0
74.52603443729754,88.8
179.14370931720887,165.2
46.586859634784915,43.6
182.26428717326954,168.1
54.53564700235507,67.0
125.59794929296972,115.0
357.57508058133607,352.3
233.60441893313316,353.4
58.68557699065397,53.0
97.98794792779216,96.8
47.30654307065934,49.5
59.77657212449145,57.0
87.72423646431001,82.3
393.5089468865675,449.6
64.37297514964912,90.8
207.01282294457513,210.0
47.234301101663014,43.0
102.90704085752539,96.0
89.75281265874801,85.0
137.19332471346615,131.9
61.00693897007944,51.6
49.7118497458199,48.0
333.5103443482078,350.0
140.23919327427998,125.0
143.94015200221838,146.0
47.42498467905855,56.0
122.80319059577936,113.3
145.6273141253098,134.0
79.35974651532429,73.0
50.58718461341713,78.0
107.9638247402345,99.2
65.23018881397041,68.8
